,PostalCode,PostalCodePopulation,PostalCodeAvgTaxableIncome,PostalCodeRankTaxableIncome
0,2600,5646,102131.0,2
1,2601,2820,64948.0,19
2,2602,19924,71274.0,10
3,2603,6650,110394.0,1
4,2604,7984,87389.0,3
5,2605,7574,85567.0,4
6,2606,6550,70051.0,12
7,2607,9403,73301.0,7
8,2608,76,72461.0,8
9,2609,608,64339.0,20
10,2610,83,54160.0,28
11,2611,18721,71177.0,11
12,2612,10631,75381.0,5
13,2614,12586,68119.0,16
14,2615,27635,61351.0,26
15,2616,164,74334.0,6
16,2617,21761,62144.0,25
17,2900,1406,68330.0,15
18,2901,72,69377.0,13
19,2902,9527,63729.0,21
20,2903,6051,62870.0,23
21,2904,8714,68536.0,14
22,2905,18572,62840.0,24
23,2906,11327,63503.0,22
24,2911,3012,71410.0,9
25,2912,3947,60275.0,27
26,2913,22836,66052.0,18
27,2914,16503,67512.0,17
28,1225,54,165448.0,6
29,1230,72,73727.0,95
30,1235,337,38633.0,624
31,1240,68,70171.0,114
32,1335,83,78822.0,81
33,1355,152,80770.0,75
34,1360,93,119168.0,17
35,1455,54,56711.0,262
36,1460,68,72303.0,101
37,1481,53,76745.0,87
38,1485,78,57226.0,248
39,1495,90,81432.0,70
40,1499,68,54898.0,293
41,1585,72,68145.0,132
42,1590,50,99516.0,35
43,1595,57,130562.0,12
44,1655,103,81258.0,73
45,1660,83,67401.0,138
46,1710,76,70556.0,112
47,1750,73,62589.0,179
48,1755,75,69921.0,120
49,1765,91,77207.0,86
50,1790,55,70581.0,111
51,1835,50,39149.0,621
52,1871,62,49877.0,397
53,1885,72,59313.0,215
54,2000,24459,66698.0,142
55,2001,381,93231.0,45
56,2002,95,45198.0,507
57,2006,68,84175.0,63
58,2007,5184,46529.0,465
59,2008,6218,65810.0,151
60,2009,9773,82525.0,66
61,2010,20756,88233.0,53
62,2011,14910,96522.0,39
63,2012,139,77868.0,84
64,2013,86,70732.0,109
65,2014,92,79826.0,78
66,2015,7789,81428.0,71
67,2016,8997,73941.0,94
68,2017,14925,66025.0,146
69,2018,9949,57443.0,245
70,2019,6805,65432.0,154
71,2020,10931,57420.0,246
72,2021,11079,125651.0,14
73,2022,9543,88690.0,52
74,2023,7454,169334.0,5
75,2024,7650,117744.0,19
76,2025,5364,141215.0,10
77,2026,24881,94839.0,42
78,2027,6089,187769.0,2
79,2028,3505,160378.0,7
80,2029,7021,117913.0,18
81,2030,9956,178282.0,3
82,2031,23425,90205.0,51
83,2032,8495,62100.0,187
84,2033,7380,72478.0,100
85,2034,14456,91092.0,49
86,2035,21634,75547.0,90
87,2036,17087,65398.0,155
88,2037,10483,81235.0,74
89,2038,6205,91942.0,48
90,2039,5943,101616.0,31
91,2040,13449,87522.0,55
92,2041,11088,127913.0,13
93,2042,13403,71213.0,108
94,2043,6057,82040.0,67
95,2044,5305,65839.0,148
96,2045,4042,96100.0,40
97,2046,16655,83192.0,64
98,2047,7920,93589.0,44
99,2048,5242,78042.0,83
100,2049,7593,72144.0,102
101,2050,5729,81260.0,72
102,2052,117,24855.0,655
103,2057,205,85233.0,60
104,2059,225,133541.0,11
105,2060,10970,113216.0,23
106,2061,4567,122542.0,16
107,2062,4752,107131.0,27
108,2063,4261,169365.0,4
109,2064,6351,83072.0,65
110,2065,21695,97501.0,38
111,2066,21168,99324.0,36
112,2067,17155,70091.0,118
113,2068,10973,114502.0,21
114,2069,9413,116849.0,20
115,2070,9222,113215.0,24
116,2071,8969,107590.0,26
117,2072,5351,90891.0,50
118,2073,10724,104469.0,28
119,2074,14644,100029.0,34
120,2075,13643,92670.0,47
121,2076,15744,92932.0,46
122,2077,24696,59469.0,213
123,2079,4603,64082.0,168
124,2080,1095,60418.0,199
125,2081,3442,65481.0,152
126,2082,3352,66538.0,143
127,2083,1055,62178.0,185
128,2084,2468,101705.0,30
129,2085,7282,72783.0,99
130,2086,8502,75756.0,89
131,2087,7890,79171.0,80
132,2088,20182,158897.0,8
133,2089,9033,100710.0,33
134,2090,9424,113285.0,22
135,2092,4655,124729.0,15
136,2093,15063,101350.0,32
137,2094,4333,103351.0,29
138,2095,12323,112527.0,25
139,2096,10108,93695.0,43
140,2097,10464,81898.0,69
141,2098,70,59259.0,216
142,2099,26514,65837.0,149
143,2100,13875,71830.0,103
144,2101,12619,71670.0,104
145,2102,4747,74929.0,92
146,2103,7407,73673.0,96
147,2104,2411,95246.0,41
148,2105,1398,99047.0,37
149,2106,6769,88175.0,54
150,2107,10219,84194.0,62
151,2108,1279,230330.0,1
152,2110,6104,156069.0,9
153,2111,9312,87513.0,56
154,2112,20739,64746.0,162
155,2113,13108,65350.0,157
156,2114,15461,60221.0,202
157,2115,6462,58087.0,234
158,2116,3775,54654.0,299
159,2117,12231,56133.0,272
160,2118,15327,55197.0,288
161,2119,7801,85771.0,57
162,2120,12986,68726.0,127
163,2121,18629,64052.0,169
164,2122,19754,54855.0,296
165,2123,59,60346.0,200
166,2124,477,49392.0,406
167,2125,11129,79247.0,79
168,2126,12051,67281.0,139
169,2127,10329,62634.0,178
170,2128,1380,49961.0,393
171,2129,69,66944.0,141
172,2130,4854,72852.0,98
173,2131,15600,53554.0,325
174,2132,6387,63762.0,170
175,2133,6416,59179.0,219
176,2134,9633,49748.0,401
177,2135,17641,66012.0,147
178,2136,4693,57076.0,251
179,2137,17168,75074.0,91
180,2138,11871,62319.0,181
181,2140,10799,50133.0,389
182,2141,17122,44740.0,516
183,2142,14041,43919.0,542
184,2143,4858,45722.0,494
185,2144,20085,37684.0,632
186,2145,45189,55358.0,287
187,2146,10255,53252.0,328
188,2147,20143,54103.0,312
189,2148,35816,49049.0,412
190,2149,157,54623.0,300
191,2150,21735,52675.0,340
192,2151,12426,57940.0,237
193,2152,6648,59958.0,205
194,2153,35652,64558.0,163
195,2154,24929,69767.0,122
196,2155,34913,68262.0,131
197,2156,8878,82028.0,68
198,2157,2421,65369.0,156
199,2158,5690,85650.0,58
200,2159,3324,73327.0,97
201,2160,18765,45624.0,498
202,2161,14035,44431.0,527
203,2162,8549,45880.0,491
204,2163,3835,41024.0,593
205,2164,9549,50647.0,383
206,2165,17067,44541.0,524
207,2166,24349,42996.0,562
208,2167,5475,53129.0,332
209,2168,19167,46804.0,460
210,2170,51303,51139.0,370
211,2171,20391,56360.0,269
212,2172,1660,71593.0,106
213,2173,8556,59669.0,211
214,2174,2387,60526.0,197
215,2175,1112,64229.0,166
216,2176,24102,51269.0,365
217,2177,7805,48330.0,430
218,2178,2204,63231.0,175
219,2179,3273,56990.0,254
220,2190,11555,46618.0,463
221,2191,3341,54981.0,291
222,2192,7003,46619.0,462
223,2193,9916,58677.0,223
224,2194,13883,42621.0,568
225,2195,12659,41139.0,592
226,2196,15602,45565.0,500
227,2197,4215,47854.0,439
228,2198,4467,52007.0,352
229,2199,8264,45717.0,495
230,2200,21143,44708.0,517
231,2203,8590,67575.0,136
232,2204,16032,64947.0,161
233,2205,13322,53023.0,336
234,2206,11327,64396.0,164
235,2207,15964,56027.0,275
236,2208,7303,56666.0,264
237,2209,9224,51242.0,367
238,2210,17585,55741.0,278
239,2211,10077,53858.0,317
240,2212,8940,53633.0,323
241,2213,12656,58825.0,222
242,2214,2366,56967.0,255
243,2216,17927,51558.0,359
244,2217,17355,56033.0,274
245,2218,10311,50054.0,391
246,2219,8077,66263.0,144
247,2220,20087,45309.0,505
248,2221,10438,71605.0,105
249,2222,8021,53171.0,331
250,2223,13504,68444.0,130
251,2224,8727,70637.0,110
252,2225,3484,77487.0,85
253,2226,7720,70130.0,116
254,2227,9124,68753.0,126
255,2228,11258,65044.0,159
256,2229,18219,74623.0,93
257,2230,19884,80580.0,77
258,2231,1341,61613.0,191
259,2232,20272,63598.0,173
260,2233,18177,60538.0,196
261,2234,20231,66945.0,140
262,2250,38668,54054.0,313
263,2251,18848,56865.0,259
264,2256,8131,51823.0,355
265,2257,15799,50808.0,378
266,2258,3191,59213.0,217
267,2259,30966,50509.0,386
268,2260,14981,65253.0,158
269,2261,31059,49815.0,399
270,2262,9960,46282.0,475
271,2263,11189,46403.0,469
272,2264,7655,49957.0,394
273,2265,3189,52819.0,338
274,2267,1560,51489.0,361
275,2278,1453,52389.0,346
276,2280,15264,56925.0,257
277,2281,7483,53042.0,335
278,2282,9066,59684.0,210
279,2283,12747,55435.0,285
280,2284,5744,52583.0,342
281,2285,17266,53751.0,321
282,2286,2248,50303.0,387
283,2287,20290,53104.0,334
284,2289,11526,58322.0,228
285,2290,19358,56684.0,263
286,2291,9008,80694.0,76
287,2292,1490,56498.0,266
288,2293,1673,59789.0,208
289,2294,1182,57834.0,240
290,2295,3732,57046.0,252
291,2296,1109,55428.0,286
292,2297,929,55527.0,283
293,2298,4898,50712.0,381
294,2299,5876,52268.0,348
295,2300,7548,78477.0,82
296,2302,525,59969.0,204
297,2303,5346,65016.0,160
298,2304,8267,51131.0,371
299,2305,7573,66246.0,145
300,2306,893,39724.0,616
301,2307,1938,45152.0,509
302,2308,144,20589.0,656
303,2311,495,42129.0,578
304,2312,749,39797.0,611
305,2314,59,58575.0,226
306,2315,8233,51144.0,369
307,2316,3158,48718.0,419
308,2317,3555,49884.0,395
309,2318,6913,54366.0,307
310,2319,3069,46183.0,478
311,2320,19067,60168.0,203
312,2321,8659,59029.0,221
313,2322,10656,53921.0,315
314,2323,14154,54864.0,295
315,2324,12152,48517.0,422
316,2325,12941,51513.0,360
317,2326,3529,49478.0,404
318,2327,3597,47311.0,450
319,2328,1307,56492.0,267
320,2329,1059,46901.0,457
321,2330,11600,65462.0,153
322,2333,7127,62192.0,184
323,2334,1435,57869.0,239
324,2335,3654,61897.0,189
325,2336,1401,58592.0,225
326,2337,4550,57016.0,253
327,2338,705,44174.0,535
328,2339,415,51860.0,354
329,2340,28005,49877.0,398
330,2341,666,45163.0,508
331,2342,270,43289.0,556
332,2343,2629,47799.0,440
333,2344,433,46396.0,470
334,2345,424,46202.0,476
335,2346,1435,41383.0,586
336,2347,856,41790.0,581
337,2350,14071,49544.0,403
338,2351,71,35536.0,643
339,2352,1517,46781.0,461
340,2353,580,44444.0,526
341,2354,2165,41456.0,585
342,2355,337,36266.0,640
343,2356,57,26474.0,654
344,2357,1973,45355.0,504
345,2358,2110,44280.0,532
346,2359,373,36182.0,641
347,2360,7303,44095.0,536
348,2361,384,33359.0,649
349,2365,1969,40070.0,609
350,2369,347,37686.0,631
351,2370,3718,39737.0,615
352,2371,550,32134.0,652
353,2372,2446,35875.0,642
354,2379,201,50833.0,377
355,2380,5720,55944.0,276
356,2381,635,54950.0,292
357,2382,724,49178.0,408
358,2386,223,43925.0,541
359,2387,130,85086.0,61
360,2388,1391,47232.0,451
361,2390,4878,53966.0,314
362,2395,276,37040.0,638
363,2396,406,43110.0,559
364,2397,254,57093.0,250
365,2398,145,63366.0,174
366,2399,332,51923.0,353
367,2400,5522,58020.0,236
368,2401,163,43619.0,551
369,2402,910,43752.0,547
370,2403,356,34852.0,647
371,2404,828,39783.0,612
372,2405,304,68093.0,133
373,2406,450,70431.0,113
374,2408,238,53794.0,319
375,2409,300,55067.0,289
376,2410,111,58242.0,231
377,2411,61,48478.0,424
378,2415,188,44044.0,537
379,2420,2091,44603.0,520
380,2421,1124,61660.0,190
381,2422,2730,39965.0,610
382,2423,1452,40329.0,607
383,2424,194,33707.0,648
384,2425,977,48624.0,420
385,2426,336,40394.0,606
386,2427,1397,42747.0,566
387,2428,11594,42947.0,564
388,2429,4788,39753.0,614
389,2430,16210,43681.0,550
390,2431,2469,42177.0,577
391,2439,1483,40887.0,596
392,2440,9890,40405.0,605
393,2441,2422,40796.0,597
394,2443,4169,38650.0,623
395,2444,25834,49067.0,411
396,2445,3675,46013.0,486
397,2446,7059,44377.0,528
398,2447,3631,41607.0,583
399,2448,4018,40658.0,599
400,2449,970,35445.0,644
401,2450,24764,48040.0,436
402,2452,7934,44601.0,522
403,2453,1520,38195.0,629
404,2454,4112,43288.0,557
405,2455,1591,44670.0,518
406,2456,8765,42349.0,573
407,2460,14118,43327.0,555
408,2462,1129,39261.0,620
409,2463,3824,42941.0,565
410,2464,3599,43003.0,561
411,2465,182,40619.0,601
412,2466,726,38270.0,626
413,2469,1765,35312.0,645
414,2470,7274,40908.0,595
415,2471,1249,37869.0,630
416,2472,1063,40600.0,602
417,2473,1516,44333.0,531
418,2474,3220,38196.0,628
419,2475,167,32281.0,651
420,2476,357,37188.0,634
421,2477,7010,46806.0,459
422,2478,17189,48823.0,417
423,2479,3235,54430.0,306
424,2480,24333,44266.0,533
425,2481,8868,53705.0,322
426,2482,3901,41243.0,589
427,2483,6473,41964.0,580
428,2484,10255,42993.0,563
429,2485,7449,45461.0,503
430,2486,16712,45706.0,496
431,2487,7876,57779.0,241
432,2488,2016,47201.0,454
433,2489,4025,47377.0,448
434,2490,415,46392.0,471
435,2500,22058,55629.0,281
436,2502,5119,45641.0,497
437,2505,2517,50592.0,385
438,2506,3653,48562.0,421
439,2508,5628,64178.0,167
440,2515,7010,71410.0,107
441,2516,3737,69438.0,124
442,2517,7571,60998.0,193
443,2518,10234,53761.0,320
444,2519,9325,56877.0,258
445,2520,252,53208.0,330
446,2525,6746,58393.0,227
447,2526,8993,58179.0,233
448,2527,11962,52333.0,347
449,2528,11239,48360.0,428
450,2529,14951,56559.0,265
451,2530,17554,52098.0,351
452,2533,9748,58289.0,230
453,2534,3333,57562.0,242
454,2535,4245,54436.0,305
455,2536,9302,43106.0,560
456,2537,6630,43801.0,546
457,2538,1395,49146.0,410
458,2539,9775,41149.0,591
459,2540,22337,46453.0,466
460,2541,13233,47587.0,445
461,2545,612,40656.0,600
462,2546,4872,39775.0,613
463,2548,4688,45477.0,502
464,2549,2244,46114.0,480
465,2550,9321,45724.0,493
466,2551,1921,43963.0,540
467,2555,126,49176.0,409
468,2556,1446,57165.0,249
469,2557,5832,59705.0,209
470,2558,6489,51396.0,363
471,2559,938,42007.0,579
472,2560,41352,51254.0,366
473,2563,164,62224.0,183
474,2564,6755,46320.0,473
475,2565,12117,54549.0,304
476,2566,14884,49773.0,400
477,2567,23015,60526.0,198
478,2568,721,59143.0,220
479,2569,851,57918.0,238
480,2570,25989,62726.0,176
481,2571,7312,61280.0,192
482,2572,2458,56115.0,273
483,2573,2651,52421.0,345
484,2574,3287,53581.0,324
485,2575,9434,58634.0,224
486,2576,8428,69117.0,125
487,2577,9098,57493.0,243
488,2578,1511,47221.0,452
489,2579,2309,53216.0,329
490,2580,15967,51606.0,358
491,2581,1268,56809.0,260
492,2582,7627,62708.0,177
493,2583,2543,44602.0,521
494,2584,317,46533.0,464
495,2585,160,69573.0,123
496,2586,1428,44567.0,523
497,2587,1463,47440.0,447
498,2588,211,59816.0,207
499,2590,3651,46879.0,458
500,2594,6125,45989.0,487
501,2618,867,76708.0,88
502,2619,6187,85334.0,59
503,2620,25281,64230.0,165
504,2621,4078,70025.0,119
505,2622,2224,49881.0,396
506,2623,356,53125.0,333
507,2624,60,35044.0,646
508,2625,181,48346.0,429
509,2626,305,55549.0,282
510,2627,2939,50722.0,379
511,2628,1080,44200.0,534
512,2629,267,41154.0,590
513,2630,5101,50949.0,374
514,2631,350,55733.0,279
515,2632,1095,52468.0,344
516,2633,205,47019.0,456
517,2640,21645,54217.0,309
518,2641,8223,44999.0,510
519,2642,3023,48162.0,434
520,2643,1543,42447.0,571
521,2644,1426,47865.0,438
522,2645,227,47084.0,455
523,2646,3885,44896.0,513
524,2647,1240,42454.0,570
525,2648,1218,43813.0,544
526,2650,33206,54756.0,298
527,2651,1140,50658.0,382
528,2652,2842,49416.0,405
529,2653,1400,48418.0,426
530,2655,819,44955.0,511
531,2656,702,48139.0,435
532,2658,740,42256.0,575
533,2659,522,40678.0,598
534,2660,891,46110.0,481
535,2661,138,63617.0,172
536,2663,2319,48234.0,433
537,2665,1209,44476.0,525
538,2666,3095,45508.0,501
539,2668,202,40964.0,594
540,2669,953,46305.0,474
541,2671,2265,50888.0,376
542,2672,842,46184.0,477
543,2675,988,45618.0,499
544,2680,15009,48941.0,416
545,2681,987,46096.0,482
546,2700,2555,44640.0,519
547,2701,1329,50633.0,384
548,2702,393,46183.0,479
549,2703,408,43149.0,558
550,2705,5745,47664.0,442
551,2706,650,44954.0,512
552,2707,902,43805.0,545
553,2710,5695,43721.0,548
554,2711,1885,45893.0,490
555,2712,733,41662.0,582
556,2713,1538,39348.0,618
557,2714,1409,42597.0,569
558,2715,800,47206.0,453
559,2716,703,47745.0,441
560,2717,586,42707.0,567
561,2720,4381,52114.0,350
562,2721,129,31799.0,653
563,2722,1733,47594.0,443
564,2725,161,44003.0,539
565,2726,174,45757.0,492
566,2727,237,56720.0,261
567,2729,920,51237.0,368
568,2730,829,42406.0,572
569,2731,3580,65831.0,150
570,2732,1037,40586.0,603
571,2733,339,40323.0,608
572,2734,123,48952.0,415
573,2735,177,33069.0,650
574,2736,199,43467.0,553
575,2737,452,67408.0,137
576,2738,915,62285.0,182
577,2739,680,49321.0,407
578,2745,17993,63640.0,171
579,2747,24506,54181.0,311
580,2748,1401,70144.0,115
581,2749,9898,58313.0,229
582,2750,25584,56164.0,270
583,2751,226,54845.0,297
584,2752,3096,58085.0,235
585,2753,9947,56367.0,268
586,2754,3379,55639.0,280
587,2755,88,68530.0,129
588,2756,20658,58226.0,232
589,2757,585,51614.0,357
590,2758,5502,60601.0,195
591,2759,16232,55050.0,290
592,2760,17586,50268.0,388
593,2761,18294,52776.0,339
594,2762,4401,59466.0,214
595,2763,18265,56936.0,256
596,2765,9897,59890.0,206
597,2766,8747,51372.0,364
598,2767,12937,51814.0,356
599,2768,16171,62160.0,186
600,2769,7105,68712.0,128
601,2770,27183,46062.0,483
602,2773,3853,69854.0,121
603,2774,7837,60752.0,194
604,2775,843,55480.0,284
605,2776,2535,60249.0,201
606,2777,10729,59210.0,218
607,2778,1510,57347.0,247
608,2779,2855,53537.0,326
609,2780,7513,48973.0,414
610,2782,3471,56138.0,271
611,2783,1592,50943.0,375
612,2784,742,52575.0,343
613,2785,2645,52128.0,349
614,2786,660,48475.0,425
615,2787,2394,48246.0,432
616,2790,7357,54202.0,310
617,2791,172,54875.0,294
618,2792,195,54578.0,302
619,2793,486,50992.0,372
620,2794,5524,43556.0,552
621,2795,22728,53915.0,316
622,2797,237,43682.0,549
623,2798,1262,62522.0,180
624,2799,2176,49969.0,392
625,2800,24972,57449.0,244
626,2803,159,37155.0,636
627,2804,1387,44800.0,515
628,2805,224,55793.0,277
629,2806,470,46025.0,484
630,2807,191,40498.0,604
631,2808,68,42191.0,576
632,2809,114,47592.0,444
633,2810,1660,43445.0,554
634,2817,76,37484.0,633
635,2818,407,48372.0,427
636,2820,3087,45276.0,506
637,2821,2530,46442.0,468
638,2822,119,37077.0,637
639,2823,762,50715.0,380
640,2824,1231,50077.0,390
641,2825,1355,59587.0,212
642,2826,109,61962.0,188
643,2827,1848,44361.0,529
644,2828,362,44336.0,530
645,2829,1466,52979.0,337
646,2830,23333,52600.0,341
647,2831,1402,45988.0,488
648,2832,1222,46448.0,467
649,2833,249,45960.0,489
650,2834,890,39333.0,619
651,2835,2259,67871.0,134
652,2836,313,53840.0,318
653,2838,53,41276.0,588
654,2839,467,48796.0,418
655,2840,1308,53334.0,327
656,2842,270,36283.0,639
657,2843,711,39076.0,622
658,2844,647,47958.0,437
659,2845,1018,54601.0,301
660,2846,136,39421.0,617
661,2847,1095,50981.0,373
662,2848,544,41279.0,587
663,2849,773,46025.0,485
664,2850,9647,54571.0,303
665,2852,1735,48993.0,413
666,2864,476,47314.0,449
667,2865,463,48299.0,431
668,2866,1630,48511.0,423
669,2867,328,44889.0,514
670,2868,329,41463.0,584
671,2869,694,38201.0,627
672,2870,6310,49653.0,402
673,2871,4816,47564.0,446
674,2873,362,43823.0,543
675,2874,254,42272.0,574
676,2875,466,44037.0,538
677,2876,238,37158.0,635
678,2877,1982,46325.0,472
679,2878,171,70099.0,117
680,2879,214,51488.0,362
681,2880,8704,54346.0,308
682,2898,297,67795.0,135
683,2899,1141,38572.0,625
684,800,5469,75120.0,7
685,801,688,87663.0,1
686,804,168,76732.0,4
687,810,21199,64240.0,23
688,811,383,76647.0,5
689,812,11330,62800.0,26
690,813,106,66895.0,16
691,814,187,72777.0,9
692,820,12940,78787.0,3
693,821,546,74639.0,8
694,822,5981,46457.0,40
695,828,746,67936.0,15
696,829,325,60150.0,28
697,830,11171,66015.0,18
698,831,945,75247.0,6
699,832,9845,71198.0,10
700,834,492,70819.0,11
701,835,3176,69723.0,12
702,836,4870,68089.0,14
703,837,569,56855.0,33
704,838,486,65104.0,20
705,839,835,65818.0,19
706,840,174,49395.0,39
707,841,311,66301.0,17
708,845,371,52412.0,37
709,846,198,54915.0,34
710,847,141,40142.0,44
711,850,3933,57995.0,31
712,851,1061,59505.0,29
713,852,1844,37988.0,45
714,853,538,64480.0,22
715,854,438,40906.0,43
716,860,984,57251.0,32
717,861,612,54097.0,36
718,862,233,43043.0,41
719,870,14153,60704.0,27
720,871,1605,62960.0,24
721,872,3933,42747.0,42
722,873,177,50520.0,38
723,874,85,68689.0,13
724,875,375,54278.0,35
725,880,793,58317.0,30
726,881,1754,64864.0,21
727,885,527,83343.0,2
728,886,815,62868.0,25
729,4000,12738,62182.0,74
730,4001,576,88949.0,9
731,4002,63,63549.0,64
732,4003,62,65058.0,56
733,4004,148,64586.0,58
734,4005,12426,92487.0,7
735,4006,12969,66839.0,48
736,4007,9278,107478.0,1
737,4008,225,58364.0,100
738,4009,100,66876.0,47
739,4010,2373,63845.0,62
740,4011,10311,86326.0,10
741,4012,14619,64527.0,59
742,4013,3151,62436.0,68
743,4014,7699,59384.0,92
744,4017,21858,56380.0,117
745,4018,7498,51732.0,181
746,4019,11073,51960.0,178
747,4020,12710,56487.0,112
748,4021,4800,47072.0,268
749,4022,3344,46421.0,286
750,4025,108,39881.0,380
751,4029,50,96822.0,5
752,4030,11300,70012.0,34
753,4031,8580,67082.0,45
754,4032,10126,53791.0,151
755,4034,27356,55214.0,128
756,4035,16059,66781.0,49
757,4036,3956,53891.0,148
758,4037,5055,64250.0,61
759,4051,18088,77276.0,20
760,4052,62,62354.0,70
761,4053,27693,60446.0,82
762,4054,8301,55272.0,126
763,4055,12856,62277.0,72
764,4059,7724,66937.0,46
765,4060,8465,84196.0,13
766,4061,10531,70193.0,33
767,4064,8089,89060.0,8
768,4065,6233,96834.0,4
769,4066,11230,71961.0,29
770,4067,5192,74492.0,23
771,4068,15148,77158.0,21
772,4069,22133,83319.0,14
773,4070,7146,65107.0,52
774,4073,5660,68873.0,41
775,4074,15427,60679.0,79
776,4075,14904,69842.0,35
777,4076,2675,47274.0,263
778,4077,14469,42509.0,350
779,4078,14564,52536.0,165
780,4101,16928,69456.0,37
781,4102,5457,53700.0,152
782,4103,9239,57604.0,105
783,4104,4293,73945.0,25
784,4105,8641,62308.0,71
785,4106,1022,49465.0,229
786,4107,3932,53383.0,156
787,4108,3636,43825.0,334
788,4109,23150,45579.0,300
789,4110,6247,48186.0,248
790,4111,650,46035.0,289
791,4112,4576,53226.0,159
792,4113,18848,45644.0,298
793,4114,12069,39701.0,383
794,4115,11802,51603.0,187
795,4116,15562,48427.0,244
796,4117,854,50368.0,213
797,4118,17571,49417.0,232
798,4119,3763,52625.0,163
799,4120,6368,61109.0,78
800,4121,15704,69166.0,38
801,4122,26614,54594.0,140
802,4123,11625,55438.0,123
803,4124,10875,53041.0,161
804,4125,4331,49459.0,230
805,4127,14905,51627.0,186
806,4128,10252,55059.0,133
807,4129,3850,51570.0,188
808,4130,5567,60080.0,87
809,4131,5147,44607.0,322
810,4132,12369,44356.0,323
811,4133,9369,48066.0,250
812,4151,11741,71149.0,31
813,4152,29119,68675.0,42
814,4153,2795,69028.0,39
815,4154,6516,77451.0,19
816,4155,993,98073.0,3
817,4156,2162,80562.0,16
818,4157,11950,54222.0,144
819,4158,2197,55506.0,121
820,4159,8678,57400.0,107
821,4160,11588,63674.0,63
822,4161,9696,52031.0,177
823,4163,9385,66440.0,50
824,4164,9408,60181.0,86
825,4165,22324,56616.0,111
826,4169,10123,71505.0,30
827,4170,16690,70673.0,32
828,4171,10733,100047.0,2
829,4172,2933,64868.0,57
830,4173,5151,56435.0,115
831,4174,1525,55648.0,120
832,4178,14984,58202.0,102
833,4179,11667,65077.0,54
834,4183,1202,49090.0,236
835,4184,2626,37812.0,398
836,4205,2470,45321.0,307
837,4207,30643,48997.0,239
838,4208,12091,55063.0,132
839,4209,31230,51052.0,200
840,4210,12225,55093.0,131
841,4211,36167,50236.0,218
842,4212,17824,62385.0,69
843,4213,17775,54120.0,146
844,4214,22288,50037.0,222
845,4215,28399,47225.0,265
846,4216,22190,56086.0,118
847,4217,27173,58955.0,95
848,4218,21574,61407.0,77
849,4219,214,59448.0,91
850,4220,20174,55098.0,130
851,4221,16567,54571.0,142
852,4223,8953,55045.0,134
853,4224,4054,54872.0,138
854,4225,4909,50284.0,215
855,4226,20854,51330.0,192
856,4227,12756,52317.0,173
857,4228,3386,56442.0,113
858,4230,196,58310.0,101
859,4270,2434,53978.0,147
860,4271,794,50173.0,220
861,4272,3587,49423.0,231
862,4275,1992,50161.0,221
863,4280,9864,52520.0,167
864,4285,10746,49094.0,235
865,4287,383,42176.0,356
866,4300,32641,53866.0,149
867,4301,14994,45697.0,297
868,4303,1609,41438.0,365
869,4304,8518,46925.0,273
870,4305,32468,49720.0,225
871,4306,21232,56406.0,116
872,4307,904,46915.0,274
873,4309,1657,44190.0,330
874,4310,3282,42924.0,347
875,4311,4847,45072.0,316
876,4312,1260,46273.0,287
877,4313,1027,39417.0,387
878,4314,64,40257.0,374
879,4340,2862,46077.0,288
880,4341,7370,46905.0,275
881,4342,1306,45206.0,312
882,4343,6903,40758.0,368
883,4344,1448,46595.0,281
884,4346,537,50802.0,205
885,4347,662,44265.0,327
886,4350,59685,52627.0,162
887,4352,17190,53807.0,150
888,4353,256,37663.0,401
889,4354,641,45221.0,310
890,4355,1282,39029.0,389
891,4356,2912,45886.0,291
892,4357,1487,44991.0,317
893,4358,1345,47108.0,267
894,4359,739,44295.0,326
895,4360,439,40636.0,370
896,4361,1427,40181.0,376
897,4362,1337,38364.0,393
898,4363,447,45458.0,301
899,4364,195,60417.0,84
900,4365,236,34309.0,425
901,4370,9686,43200.0,342
902,4371,464,35875.0,416
903,4372,94,35462.0,418
904,4373,545,36920.0,408
905,4374,248,34470.0,423
906,4375,153,30441.0,431
907,4376,168,37614.0,403
908,4377,363,35124.0,420
909,4378,216,36230.0,413
910,4380,4630,37520.0,404
911,4381,299,38787.0,390
912,4382,327,37919.0,396
913,4383,283,31890.0,427
914,4385,607,36278.0,412
915,4387,659,39828.0,381
916,4388,218,52431.0,170
917,4390,4404,50270.0,217
918,4400,1087,47954.0,254
919,4401,3066,45322.0,306
920,4402,142,29891.0,433
921,4403,433,45622.0,299
922,4404,312,47056.0,269
923,4405,8099,51314.0,193
924,4406,600,39810.0,382
925,4407,340,46469.0,283
926,4408,416,37371.0,406
927,4410,681,42484.0,352
928,4411,163,48851.0,241
929,4412,139,42663.0,349
930,4413,4137,53258.0,158
931,4415,1067,47022.0,270
932,4416,289,45116.0,315
933,4417,331,57664.0,104
934,4418,70,42003.0,360
935,4419,509,43413.0,340
936,4420,771,49016.0,238
937,4421,964,42102.0,358
938,4422,288,44630.0,321
939,4423,132,38376.0,392
940,4424,120,35170.0,419
941,4425,157,30347.0,432
942,4426,73,31323.0,429
943,4427,185,34765.0,421
944,4428,403,40130.0,377
945,4454,482,45263.0,308
946,4455,5005,54410.0,143
947,4465,759,44908.0,319
948,4467,114,37046.0,407
949,4468,214,40302.0,373
950,4470,1980,48919.0,240
951,4472,796,40191.0,375
952,4477,293,50343.0,214
953,4478,288,50273.0,216
954,4480,478,46027.0,290
955,4481,77,41944.0,361
956,4482,78,60015.0,88
957,4486,398,48062.0,251
958,4487,1887,47884.0,256
959,4488,139,45780.0,294
960,4490,670,42376.0,354
961,4491,51,37988.0,395
962,4492,134,57279.0,108
963,4494,73,44932.0,318
964,4496,201,47507.0,259
965,4497,215,49584.0,227
966,4498,123,52464.0,168
967,4500,25565,55408.0,124
968,4501,3140,47956.0,253
969,4502,5081,52365.0,171
970,4503,25906,51747.0,180
971,4504,10869,54883.0,137
972,4505,11808,51300.0,194
973,4506,11920,46750.0,277
974,4507,8897,46443.0,285
975,4508,9233,45341.0,305
976,4509,18335,57185.0,109
977,4510,24419,44332.0,325
978,4511,4506,46677.0,278
979,4512,2096,49685.0,226
980,4514,3580,47461.0,261
981,4515,2295,46963.0,271
982,4516,2438,51373.0,191
983,4517,492,50819.0,204
984,4518,2981,48771.0,242
985,4519,4852,53559.0,154
986,4520,8521,72215.0,28
987,4521,2866,58398.0,98
988,4550,2488,46811.0,276
989,4551,33234,50193.0,219
990,4552,5162,43876.0,332
991,4553,3710,51545.0,189
992,4554,1195,51127.0,199
993,4555,4164,50755.0,207
994,4556,26587,54586.0,141
995,4557,12288,52100.0,176
996,4558,12168,48040.0,252
997,4559,3764,50769.0,206
998,4560,18591,48073.0,249
999,4561,4667,50383.0,212
1000,4562,5077,51378.0,190
1001,4563,5125,47891.0,255
1002,4564,6956,49963.0,224
1003,4565,8236,44207.0,329
1004,4566,5545,55477.0,122
1005,4567,7763,60465.0,81
1006,4568,2159,44209.0,328
1007,4569,910,43389.0,341
1008,4570,21178,42875.0,348
1009,4571,432,37819.0,397
1010,4572,2648,60572.0,80
1011,4573,16800,52333.0,172
1012,4574,740,42999.0,344
1013,4575,15377,58744.0,96
1014,4580,1800,36044.0,414
1015,4581,715,37717.0,400
1016,4600,395,36340.0,411
1017,4601,575,30827.0,430
1018,4605,1881,37727.0,399
1019,4606,1228,39480.0,385
1020,4608,453,42028.0,359
1021,4610,7407,47621.0,257
1022,4611,57,23225.0,437
1023,4612,148,31824.0,428
1024,4613,353,33295.0,426
1025,4614,491,40017.0,378
1026,4615,2957,41601.0,363
1027,4620,204,36765.0,409
1028,4621,811,35685.0,417
1029,4625,1654,37650.0,402
1030,4626,1275,34370.0,424
1031,4627,360,36535.0,410
1032,4630,1310,39689.0,384
1033,4650,14935,43976.0,331
1034,4655,28110,45727.0,296
1035,4659,1909,39947.0,379
1036,4660,3528,42947.0,345
1037,4662,284,41839.0,362
1038,4670,40149,46607.0,279
1039,4671,2713,39466.0,386
1040,4673,350,42935.0,346
1041,4674,665,37440.0,405
1042,4676,111,38106.0,394
1043,4677,1968,47525.0,258
1044,4678,480,54180.0,145
1045,4680,28858,67727.0,44
1046,4694,139,60445.0,83
1047,4695,526,55129.0,129
1048,4697,92,42376.0,355
1049,4699,236,45760.0,295
1050,4700,8856,59572.0,90
1051,4701,22750,54744.0,139
1052,4702,14977,53584.0,153
1053,4703,12726,58092.0,103
1054,4704,110,55735.0,119
1055,4705,243,29223.0,435
1056,4707,116,46603.0,280
1057,4709,445,94044.0,6
1058,4710,2294,53300.0,157
1059,4711,1036,62896.0,67
1060,4712,237,49981.0,223
1061,4713,242,42392.0,353
1062,4714,1022,47440.0,262
1063,4715,4127,62223.0,73
1064,4716,498,51721.0,182
1065,4717,2441,77798.0,18
1066,4718,1168,74439.0,24
1067,4719,608,51196.0,196
1068,4720,8650,65083.0,53
1069,4721,2090,63314.0,65
1070,4722,1087,61525.0,76
1071,4723,842,58543.0,97
1072,4724,406,47253.0,264
1073,4725,899,77129.0,22
1074,4726,236,34497.0,422
1075,4727,184,35988.0,415
1076,4728,125,50518.0,211
1077,4730,2035,48263.0,245
1078,4731,103,29127.0,436
1079,4732,95,29584.0,434
1080,4735,691,46939.0,272
1081,4736,70,50613.0,210
1082,4737,4612,59682.0,89
1083,4738,647,53051.0,160
1084,4739,192,45403.0,304
1085,4740,47448,62160.0,75
1086,4741,3764,58389.0,99
1087,4742,551,69536.0,36
1088,4743,277,82584.0,15
1089,4744,4687,84550.0,12
1090,4745,1293,80407.0,17
1091,4746,849,85676.0,11
1092,4750,3016,64432.0,60
1093,4751,2791,63311.0,66
1094,4753,2389,65444.0,51
1095,4754,1246,60395.0,85
1096,4756,344,51716.0,183
1097,4757,166,45416.0,303
1098,4798,477,54930.0,136
1099,4799,537,48254.0,246
1100,4800,5290,52304.0,174
1101,4801,101,40725.0,369
1102,4802,6978,51714.0,184
1103,4803,934,45147.0,313
1104,4804,937,57441.0,106
1105,4805,6127,49250.0,233
1106,4806,2156,52223.0,175
1107,4807,6574,51207.0,195
1108,4808,683,51879.0,179
1109,4809,564,48545.0,243
1110,4810,13647,65073.0,55
1111,4811,7287,59302.0,93
1112,4812,10273,55040.0,135
1113,4813,543,59239.0,94
1114,4814,24573,56436.0,114
1115,4815,10507,50916.0,203
1116,4816,4422,51689.0,185
1117,4817,17525,55233.0,127
1118,4818,16761,57003.0,110
1119,4819,1330,43869.0,333
1120,4820,5060,50938.0,202
1121,4821,841,43556.0,337
1122,4822,513,50751.0,208
1123,4823,517,49584.0,228
1124,4824,1529,68305.0,43
1125,4825,11042,73119.0,27
1126,4828,107,51155.0,198
1127,4829,266,51160.0,197
1128,4830,552,40322.0,372
1129,4849,810,40561.0,371
1130,4850,6079,48244.0,247
1131,4852,2204,45422.0,302
1132,4854,3332,43483.0,339
1133,4855,434,42176.0,357
1134,4856,391,41330.0,366
1135,4858,857,49095.0,234
1136,4859,338,46446.0,284
1137,4860,6043,43053.0,343
1138,4861,798,45257.0,309
1139,4865,4567,52462.0,169
1140,4868,11942,50965.0,201
1141,4869,10142,50621.0,209
1142,4870,43599,53405.0,155
1143,4871,5829,46527.0,282
1144,4872,2294,42505.0,351
1145,4873,3852,44817.0,320
1146,4874,2922,73706.0,26
1147,4875,2917,52561.0,164
1148,4876,899,43825.0,335
1149,4877,3506,44346.0,324
1150,4878,8116,52536.0,166
1151,4879,12330,55348.0,125
1152,4880,7292,43534.0,338
1153,4881,2473,47177.0,266
1154,4882,1789,45835.0,292
1155,4883,4590,43670.0,336
1156,4884,1184,45221.0,311
1157,4885,2328,45134.0,314
1158,4886,444,39181.0,388
1159,4887,922,41535.0,364
1160,4888,1255,38386.0,391
1161,4890,668,49034.0,237
1162,4891,323,47489.0,260
1163,4892,1235,41046.0,367
1164,4895,2072,45784.0,293
1165,9726,253,68946.0,40
1166,5000,7785,63332.0,33
1167,5001,200,90750.0,4
1168,5006,4183,90092.0,5
1169,5007,4256,54415.0,91
1170,5008,7094,48171.0,184
1171,5009,2902,49743.0,153
1172,5010,2602,43250.0,272
1173,5011,7125,51583.0,124
1174,5012,5146,41735.0,294
1175,5013,5008,46204.0,217
1176,5014,6570,49462.0,155
1177,5015,3526,52167.0,115
1178,5016,5125,55733.0,82
1179,5017,2368,48600.0,172
1180,5018,3526,55009.0,85
1181,5019,5160,57257.0,67
1182,5020,1954,59154.0,55
1183,5021,3932,58756.0,57
1184,5022,9987,68287.0,22
1185,5023,8977,47359.0,193
1186,5024,8766,56214.0,78
1187,5025,4981,52853.0,106
1188,5031,5739,52684.0,107
1189,5032,7715,54440.0,90
1190,5033,4625,48510.0,176
1191,5034,6530,71525.0,17
1192,5035,3720,54378.0,93
1193,5037,6068,49556.0,154
1194,5038,9478,48463.0,177
1195,5039,5093,51752.0,120
1196,5040,1404,57191.0,70
1197,5041,8181,60324.0,48
1198,5042,5856,46793.0,204
1199,5043,9874,46835.0,202
1200,5044,6854,64389.0,27
1201,5045,10400,64336.0,29
1202,5046,5134,49803.0,151
1203,5047,4461,46797.0,203
1204,5048,8756,58653.0,58
1205,5049,6384,58623.0,59
1206,5050,3451,54878.0,86
1207,5051,9162,59625.0,52
1208,5052,4148,61514.0,38
1209,5061,6587,93871.0,2
1210,5062,9776,74550.0,14
1211,5063,7603,68387.0,21
1212,5064,6512,79552.0,8
1213,5065,6585,77310.0,11
1214,5066,8116,79145.0,9
1215,5067,6601,75339.0,13
1216,5068,7750,72335.0,16
1217,5069,5370,81058.0,7
1218,5070,8398,54829.0,88
1219,5071,172,95290.0,1
1220,5072,7623,61244.0,40
1221,5073,8972,53467.0,104
1222,5074,7045,48149.0,185
1223,5075,6185,49424.0,156
1224,5076,5967,54406.0,92
1225,5081,6077,92916.0,3
1226,5082,9131,61611.0,37
1227,5083,4452,57029.0,72
1228,5084,4683,41453.0,298
1229,5085,10964,50432.0,141
1230,5086,8755,48733.0,170
1231,5087,6421,48571.0,173
1232,5088,1821,45267.0,234
1233,5089,4275,54869.0,87
1234,5090,4135,45713.0,227
1235,5091,4617,51939.0,118
1236,5092,9862,47216.0,195
1237,5093,4798,45214.0,235
1238,5094,484,49355.0,158
1239,5095,11753,51433.0,129
1240,5096,7504,47055.0,200
1241,5097,7937,49353.0,159
1242,5098,6301,45849.0,223
1243,5106,82,63657.0,31
1244,5107,8378,43387.0,268
1245,5108,19239,43160.0,274
1246,5109,10459,46565.0,210
1247,5110,4270,46401.0,213
1248,5111,309,56351.0,76
1249,5112,7679,42737.0,283
1250,5113,6371,38364.0,317
1251,5114,17569,47468.0,192
1252,5115,5326,45162.0,239
1253,5116,4864,48189.0,183
1254,5117,1839,52080.0,116
1255,5118,10640,52422.0,111
1256,5120,1303,51715.0,121
1257,5121,846,43735.0,262
1258,5125,11733,56373.0,75
1259,5126,4375,51125.0,135
1260,5127,4836,52550.0,109
1261,5131,642,53816.0,98
1262,5132,274,65283.0,26
1263,5133,290,55470.0,83
1264,5134,235,58622.0,60
1265,5136,312,56881.0,73
1266,5137,357,63320.0,34
1267,5138,180,53538.0,103
1268,5139,149,57479.0,66
1269,5140,279,68450.0,20
1270,5141,445,57499.0,65
1271,5142,464,64354.0,28
1272,5144,242,70078.0,19
1273,5150,51,65475.0,25
1274,5151,261,72901.0,15
1275,5152,4164,76150.0,12
1276,5153,4039,60424.0,47
1277,5154,2264,78864.0,10
1278,5155,2428,58494.0,61
1279,5156,625,61084.0,42
1280,5157,1913,60433.0,46
1281,5158,15497,51144.0,134
1282,5159,20418,52190.0,114
1283,5160,128,53950.0,97
1284,5161,5571,46081.0,219
1285,5162,18472,45328.0,232
1286,5163,6828,43205.0,273
1287,5164,1972,38941.0,313
1288,5165,2703,44132.0,256
1289,5166,902,43254.0,271
1290,5167,3360,48338.0,180
1291,5168,2801,44916.0,243
1292,5169,9675,47901.0,189
1293,5170,652,45975.0,220
1294,5171,3785,50893.0,137
1295,5172,2565,50498.0,140
1296,5173,6633,45323.0,233
1297,5174,1511,45521.0,229
1298,5201,1295,48536.0,175
1299,5202,515,45907.0,221
1300,5203,679,40699.0,302
1301,5204,1454,39762.0,309
1302,5210,1117,48824.0,168
1303,5211,7775,40525.0,306
1304,5212,1161,38328.0,318
1305,5213,711,51649.0,122
1306,5214,4071,40545.0,305
1307,5220,252,41317.0,299
1308,5221,179,36271.0,323
1309,5222,393,42950.0,278
1310,5223,2106,41835.0,292
1311,5231,699,60700.0,44
1312,5232,266,55465.0,84
1313,5233,864,53784.0,99
1314,5234,871,51394.0,130
1315,5235,1373,45163.0,238
1316,5236,139,49839.0,150
1317,5237,210,39972.0,308
1318,5238,2021,40685.0,303
1319,5240,353,44175.0,255
1320,5241,1477,50781.0,138
1321,5242,1033,60198.0,50
1322,5243,593,60795.0,43
1323,5244,2467,51561.0,126
1324,5245,1972,56385.0,74
1325,5250,2267,55975.0,79
1326,5251,8596,51261.0,131
1327,5252,3825,48879.0,167
1328,5253,9833,41308.0,300
1329,5254,1260,42358.0,288
1330,5255,5359,46377.0,215
1331,5256,619,38695.0,315
1332,5259,467,36347.0,322
1333,5260,859,43078.0,276
1334,5261,233,51506.0,127
1335,5262,327,43289.0,270
1336,5263,153,60631.0,45
1337,5264,749,43503.0,267
1338,5265,215,41758.0,293
1339,5266,423,46684.0,206
1340,5267,1277,44711.0,246
1341,5268,2412,42745.0,282
1342,5269,117,35258.0,324
1343,5270,422,42416.0,287
1344,5271,4907,45760.0,226
1345,5272,533,54532.0,89
1346,5273,88,57985.0,64
1347,5275,1385,52291.0,112
1348,5276,864,48423.0,179
1349,5277,1636,49053.0,165
1350,5278,306,57118.0,71
1351,5279,217,42437.0,286
1352,5280,4016,50117.0,145
1353,5290,14686,49042.0,166
1354,5291,4356,52619.0,108
1355,5301,308,43961.0,258
1356,5302,532,49949.0,148
1357,5303,121,41949.0,291
1358,5304,557,44395.0,248
1359,5306,66,32107.0,328
1360,5307,329,42512.0,284
1361,5308,63,29974.0,329
1362,5311,134,40117.0,307
1363,5320,279,42335.0,289
1364,5321,160,40770.0,301
1365,5322,400,43037.0,277
1366,5330,1967,43622.0,265
1367,5331,177,46642.0,208
1368,5332,213,48269.0,181
1369,5333,3412,45893.0,222
1370,5340,815,44230.0,253
1371,5341,4305,43114.0,275
1372,5342,540,41487.0,297
1373,5343,2714,45504.0,230
1374,5344,406,42000.0,290
1375,5345,1929,43767.0,260
1376,5346,166,43847.0,259
1377,5350,253,50020.0,146
1378,5351,3490,51645.0,123
1379,5352,3248,56327.0,77
1380,5353,2258,51478.0,128
1381,5354,171,39412.0,312
1382,5355,4424,50273.0,143
1383,5356,480,43524.0,266
1384,5357,203,37548.0,320
1385,5360,765,53587.0,102
1386,5371,863,50251.0,144
1387,5372,1268,49761.0,152
1388,5373,1844,48057.0,187
1389,5374,776,41705.0,295
1390,5381,194,36571.0,321
1391,5400,479,48751.0,169
1392,5401,437,47659.0,191
1393,5410,156,44326.0,249
1394,5411,185,45197.0,236
1395,5412,620,47040.0,201
1396,5413,473,44857.0,244
1397,5414,99,32276.0,327
1398,5415,144,45525.0,228
1399,5416,132,44260.0,252
1400,5417,794,44079.0,257
1401,5418,55,44805.0,245
1402,5419,137,53180.0,105
1403,5422,630,40611.0,304
1404,5431,522,46088.0,218
1405,5432,93,58094.0,62
1406,5433,649,51569.0,125
1407,5434,237,48448.0,178
1408,5440,135,62508.0,36
1409,5451,436,47087.0,199
1410,5452,285,45078.0,241
1411,5453,3024,50599.0,139
1412,5454,211,39499.0,311
1413,5460,360,48712.0,171
1414,5461,1375,49101.0,163
1415,5462,317,45149.0,240
1416,5464,284,47941.0,188
1417,5470,72,49906.0,149
1418,5471,72,34963.0,325
1419,5472,76,38880.0,314
1420,5473,346,43306.0,269
1421,5480,479,45056.0,242
1422,5481,315,38403.0,316
1423,5482,329,45188.0,237
1424,5483,201,46390.0,214
1425,5485,331,52547.0,110
1426,5490,83,49424.0,157
1427,5491,1091,53724.0,100
1428,5495,226,46583.0,209
1429,5501,4007,51241.0,132
1430,5502,864,54300.0,94
1431,5510,61,41562.0,296
1432,5520,256,47104.0,198
1433,5521,95,59236.0,54
1434,5522,653,47187.0,196
1435,5523,981,57247.0,68
1436,5540,7028,49192.0,161
1437,5550,459,43742.0,261
1438,5552,144,62693.0,35
1439,5554,2819,51863.0,119
1440,5555,343,54003.0,96
1441,5556,1810,44280.0,251
1442,5558,2252,43667.0,264
1443,5560,243,59908.0,51
1444,5570,199,42908.0,279
1445,5571,892,48107.0,186
1446,5572,84,65548.0,24
1447,5573,1090,54225.0,95
1448,5575,1207,42452.0,285
1449,5576,595,43689.0,263
1450,5577,333,34881.0,326
1451,5580,219,45800.0,225
1452,5581,279,46764.0,205
1453,5582,323,42882.0,280
1454,5583,372,37756.0,319
1455,5600,3504,60315.0,49
1456,5601,51,42880.0,281
1457,5602,696,46539.0,211
1458,5603,269,49070.0,164
1459,5604,104,47851.0,190
1460,5605,1038,44292.0,250
1461,5606,8609,50977.0,136
1462,5607,2041,48231.0,182
1463,5608,5380,52242.0,113
1464,5609,993,63556.0,32
1465,5630,74,47160.0,197
1466,5631,788,55839.0,80
1467,5632,149,57220.0,69
1468,5633,207,39740.0,310
1469,5640,649,49154.0,162
1470,5641,651,47350.0,194
1471,5642,130,49321.0,160
1472,5650,70,61123.0,41
1473,5651,100,65576.0,23
1474,5652,455,49999.0,147
1475,5654,102,46666.0,207
1476,5655,64,44223.0,254
1477,5661,81,61502.0,39
1478,5670,276,45804.0,224
1479,5671,105,63745.0,30
1480,5680,1320,46312.0,216
1481,5690,2141,51155.0,133
1482,5700,5427,52060.0,117
1483,5701,54,48551.0,174
1484,5710,1263,58040.0,63
1485,5720,117,70298.0,18
1486,5722,168,50408.0,142
1487,5723,831,44697.0,247
1488,5724,119,45377.0,231
1489,5725,2517,84257.0,6
1490,5730,52,55836.0,81
1491,5731,136,59405.0,53
1492,5732,87,46496.0,212
1493,5733,53,59081.0,56
1494,5734,73,53675.0,101
1495,7000,9087,58473.0,11
1496,7001,521,75266.0,2
1497,7002,72,56107.0,14
1498,7004,4702,62337.0,6
1499,7005,8627,67308.0,5
1500,7006,84,88402.0,1
1501,7007,1976,61211.0,8
1502,7008,7439,55677.0,15
1503,7009,6936,44762.0,74
1504,7010,8318,43551.0,80
1505,7011,7574,45409.0,67
1506,7012,481,48263.0,42
1507,7015,6337,52567.0,23
1508,7016,1033,41980.0,89
1509,7017,3424,51633.0,25
1510,7018,12501,52840.0,22
1511,7019,2877,43294.0,82
1512,7020,1641,56528.0,12
1513,7021,1530,53003.0,21
1514,7022,540,47674.0,47
1515,7023,211,48830.0,39
1516,7024,332,56488.0,13
1517,7025,1158,53121.0,20
1518,7026,526,42517.0,88
1519,7027,135,37127.0,106
1520,7030,8486,45152.0,71
1521,7050,7055,50837.0,28
1522,7051,214,48998.0,37
1523,7052,4383,54371.0,16
1524,7053,2183,62289.0,7
1525,7054,5311,53381.0,19
1526,7055,243,50112.0,32
1527,7109,4984,46083.0,59
1528,7112,1580,43530.0,81
1529,7113,574,46532.0,54
1530,7116,1140,41736.0,91
1531,7117,487,44166.0,78
1532,7120,843,39503.0,103
1533,7140,5504,43140.0,83
1534,7150,1657,48082.0,46
1535,7155,499,50754.0,29
1536,7162,394,49996.0,33
1537,7163,200,44959.0,73
1538,7170,3376,60074.0,9
1539,7171,1844,48469.0,40
1540,7172,2016,45230.0,69
1541,7173,3648,45966.0,63
1542,7174,106,40623.0,98
1543,7175,128,43562.0,79
1544,7176,89,47374.0,50
1545,7177,250,40727.0,97
1546,7178,130,36779.0,109
1547,7179,220,42742.0,86
1548,7180,91,31433.0,114
1549,7182,113,40144.0,100
1550,7184,355,39508.0,102
1551,7185,58,46508.0,55
1552,7186,85,34703.0,112
1553,7187,77,31923.0,113
1554,7190,1629,41073.0,96
1555,7209,217,51697.0,24
1556,7210,505,41538.0,95
1557,7211,105,53765.0,18
1558,7212,1066,48423.0,41
1559,7213,128,36974.0,107
1560,7214,241,44452.0,76
1561,7215,1857,39502.0,104
1562,7216,1580,36963.0,108
1563,7248,7041,39788.0,101
1564,7249,6378,47448.0,49
1565,7250,28131,53904.0,17
1566,7252,1628,50912.0,26
1567,7253,2016,45013.0,72
1568,7254,296,41678.0,93
1569,7255,509,45326.0,68
1570,7256,1015,50679.0,30
1571,7258,571,68621.0,3
1572,7259,276,44717.0,75
1573,7260,1652,41902.0,90
1574,7261,165,40335.0,99
1575,7262,956,46280.0,56
1576,7263,301,35530.0,110
1577,7264,275,35412.0,111
1578,7265,126,38661.0,105
1579,7267,470,45824.0,64
1580,7268,580,45638.0,65
1581,7270,1966,42783.0,84
1582,7275,1775,46152.0,58
1583,7276,302,44289.0,77
1584,7277,3322,50488.0,31
1585,7290,1328,46751.0,52
1586,7291,336,48130.0,44
1587,7292,358,45214.0,70
1588,7300,1986,49028.0,36
1589,7301,2383,47476.0,48
1590,7302,938,42770.0,85
1591,7303,1412,45581.0,66
1592,7304,3105,41709.0,92
1593,7305,553,42622.0,87
1594,7306,2133,41600.0,94
1595,7307,5633,48990.0,38
1596,7310,14450,45986.0,62
1597,7315,7781,46040.0,60
1598,7316,3417,49061.0,35
1599,7320,8603,48118.0,45
1600,7321,2296,46163.0,57
1601,7322,1978,48146.0,43
1602,7325,4382,46621.0,53
1603,7330,3688,46039.0,61
1604,7331,343,49718.0,34
1605,7467,803,46763.0,51
1606,7468,430,50866.0,27
1607,7469,350,59134.0,10
1608,7470,336,67512.0,4
1609,3000,23297,51761.0,263
1610,3001,297,268781.0,1
1611,3002,3636,130048.0,6
1612,3003,3941,59351.0,133
1613,3004,7360,88947.0,25
1614,3006,12721,69895.0,68
1615,3008,8645,65743.0,82
1616,3010,51,134715.0,4
1617,3011,13713,53981.0,223
1618,3012,15738,55200.0,193
1619,3013,9266,72158.0,63
1620,3015,10786,72413.0,62
1621,3016,9890,83343.0,36
1622,3018,7968,61481.0,113
1623,3019,4477,42303.0,539
1624,3020,22618,43431.0,499
1625,3021,25615,40744.0,589
1626,3022,1913,46453.0,404
1627,3023,33632,51082.0,277
1628,3024,13276,50391.0,291
1629,3025,6140,55413.0,188
1630,3026,178,83577.0,35
1631,3027,4577,56590.0,171
1632,3028,16446,50742.0,286
1633,3029,54200,48979.0,336
1634,3030,59072,55642.0,185
1635,3031,11197,65413.0,86
1636,3032,18815,65002.0,91
1637,3033,8294,58584.0,143
1638,3034,6433,55374.0,189
1639,3036,3934,63782.0,98
1640,3037,28099,52251.0,255
1641,3038,16937,54130.0,220
1642,3039,9324,72958.0,60
1643,3040,17416,74615.0,56
1644,3041,7935,69354.0,70
1645,3042,9418,59114.0,137
1646,3043,9936,51609.0,267
1647,3044,16196,59343.0,134
1648,3046,18916,50032.0,297
1649,3047,8054,38510.0,642
1650,3048,6793,39752.0,606
1651,3049,5466,53497.0,234
1652,3051,8581,58687.0,141
1653,3052,3656,63078.0,101
1654,3053,8040,54642.0,206
1655,3054,5951,76536.0,51
1656,3055,8990,59050.0,138
1657,3056,17104,59608.0,128
1658,3057,8294,61317.0,114
1659,3058,20843,56684.0,169
1660,3059,10075,58429.0,146
1661,3060,6642,44683.0,466
1662,3061,2180,43354.0,503
1663,3062,119,67116.0,78
1664,3063,379,56452.0,174
1665,3064,39671,47799.0,365
1666,3065,7025,77138.0,49
1667,3066,5670,65707.0,83
1668,3067,6291,68021.0,71
1669,3068,12626,79037.0,42
1670,3070,16012,70339.0,66
1671,3071,11545,61134.0,116
1672,3072,19702,54641.0,207
1673,3073,26751,48798.0,340
1674,3074,9920,43162.0,507
1675,3075,10709,43992.0,484
1676,3076,17756,47173.0,384
1677,3078,7362,74662.0,55
1678,3079,10814,85255.0,31
1679,3081,7072,49943.0,304
1680,3082,17624,50031.0,298
1681,3083,17581,48789.0,341
1682,3084,16026,66874.0,80
1683,3085,8220,60784.0,120
1684,3086,69,57289.0,163
1685,3087,5235,55984.0,179
1686,3088,16796,57947.0,152
1687,3089,7718,61538.0,110
1688,3090,1624,97556.0,17
1689,3091,1114,72655.0,61
1690,3093,2458,84923.0,32
1691,3094,5549,59167.0,136
1692,3095,18236,67625.0,74
1693,3096,1224,57769.0,156
1694,3097,999,87318.0,29
1695,3099,3122,56650.0,170
1696,3101,16741,103980.0,12
1697,3102,4305,80143.0,40
1698,3103,10412,79923.0,41
1699,3104,13158,77813.0,48
1700,3105,6651,59425.0,132
1701,3106,10712,73026.0,59
1702,3107,8022,59282.0,135
1703,3108,13340,55418.0,187
1704,3109,17257,53764.0,227
1705,3111,7750,79017.0,43
1706,3113,5525,73492.0,58
1707,3114,2506,81421.0,38
1708,3115,2734,76912.0,50
1709,3116,6460,55325.0,191
1710,3121,21675,80807.0,39
1711,3122,16353,98046.0,16
1712,3123,9591,93060.0,19
1713,3124,14952,91477.0,22
1714,3125,8074,54071.0,221
1715,3126,5476,123239.0,8
1716,3127,12522,88106.0,28
1717,3128,12306,49667.0,316
1718,3129,10081,59509.0,131
1719,3130,19458,60610.0,122
1720,3131,13182,54241.0,215
1721,3132,10172,58609.0,142
1722,3133,13680,56316.0,175
1723,3134,20336,58444.0,145
1724,3135,11808,55685.0,183
1725,3136,26643,54273.0,214
1726,3137,8207,52085.0,258
1727,3138,13207,52391.0,249
1728,3139,8658,50639.0,289
1729,3140,10251,53593.0,232
1730,3141,18360,98178.0,15
1731,3142,10044,193904.0,2
1732,3143,6495,113641.0,10
1733,3144,7866,119334.0,9
1734,3145,14331,88410.0,27
1735,3146,16697,91829.0,21
1736,3147,8665,73831.0,57
1737,3148,5569,54777.0,201
1738,3149,21316,59005.0,139
1739,3150,36978,55781.0,181
1740,3151,6092,49731.0,311
1741,3152,20833,53105.0,241
1742,3153,11962,49851.0,310
1743,3154,2667,54280.0,213
1744,3155,13133,49727.0,312
1745,3156,23212,54895.0,198
1746,3158,4301,54713.0,205
1747,3159,1567,56994.0,166
1748,3160,5596,56464.0,172
1749,3161,10511,93700.0,18
1750,3162,11899,78253.0,44
1751,3163,20313,61509.0,112
1752,3164,88,70842.0,64
1753,3165,16337,61778.0,108
1754,3166,14055,57373.0,162
1755,3167,5600,53360.0,237
1756,3168,9835,42730.0,525
1757,3169,10977,45192.0,448
1758,3170,11191,54610.0,208
1759,3171,11090,39094.0,629
1760,3172,12884,48451.0,349
1761,3173,15072,49966.0,302
1762,3174,19929,41639.0,563
1763,3175,27008,42269.0,541
1764,3177,5208,38943.0,632
1765,3178,21429,55733.0,182
1766,3179,3648,50998.0,280
1767,3180,4494,51351.0,275
1768,3181,14782,75360.0,53
1769,3182,17563,67541.0,75
1770,3183,12545,67181.0,76
1771,3184,11044,84155.0,34
1772,3185,8775,81874.0,37
1773,3186,16526,129289.0,7
1774,3187,10095,89763.0,24
1775,3188,11143,90203.0,23
1776,3189,3829,58056.0,150
1777,3190,6673,65596.0,85
1778,3191,6680,108485.0,11
1779,3192,13799,61649.0,109
1780,3193,13198,88649.0,26
1781,3194,8769,63414.0,99
1782,3195,22080,64038.0,97
1783,3196,15066,57786.0,155
1784,3197,7335,61964.0,107
1785,3198,9531,51635.0,266
1786,3199,30655,51530.0,270
1787,3200,2208,41659.0,561
1788,3201,11759,49545.0,318
1789,3202,1619,61971.0,106
1790,3204,18911,67925.0,72
1791,3205,7428,85837.0,30
1792,3206,6992,130443.0,5
1793,3207,11244,99330.0,14
1794,3211,778,59954.0,126
1795,3212,9265,56033.0,178
1796,3213,1751,57161.0,164
1797,3214,9737,42348.0,537
1798,3215,11477,51903.0,261
1799,3216,33840,52960.0,243
1800,3217,4822,55216.0,192
1801,3218,8073,57500.0,160
1802,3219,10582,47743.0,366
1803,3220,11008,70381.0,65
1804,3221,2153,67170.0,77
1805,3222,8543,49706.0,314
1806,3223,3899,54178.0,218
1807,3224,8092,49305.0,327
1808,3225,2783,54180.0,217
1809,3226,9108,54807.0,200
1810,3227,3106,69881.0,69
1811,3228,12039,61022.0,118
1812,3230,1689,50147.0,293
1813,3231,843,56693.0,168
1814,3232,776,60121.0,125
1815,3233,1365,41187.0,576
1816,3234,106,62502.0,104
1817,3235,240,48272.0,352
1818,3236,153,43057.0,512
1819,3237,138,30317.0,699
1820,3238,167,43180.0,506
1821,3239,255,38762.0,636
1822,3240,1312,54723.0,204
1823,3241,1512,45352.0,440
1824,3242,620,43385.0,501
1825,3243,228,45751.0,430
1826,3249,2237,41429.0,571
1827,3250,6857,45919.0,420
1828,3251,334,42685.0,526
1829,3254,173,40845.0,586
1830,3260,2719,42915.0,520
1831,3264,1347,41905.0,553
1832,3265,1489,42359.0,536
1833,3266,1751,40120.0,600
1834,3267,183,31044.0,697
1835,3268,1701,40854.0,584
1836,3269,434,49376.0,324
1837,3270,150,47189.0,382
1838,3271,116,34874.0,673
1839,3272,827,41882.0,555
1840,3273,82,55646.0,184
1841,3274,157,46763.0,399
1842,3275,274,46926.0,392
1843,3276,269,39928.0,604
1844,3277,1170,51436.0,272
1845,3278,173,45150.0,450
1846,3279,179,45447.0,439
1847,3280,18993,48145.0,359
1848,3281,1049,49712.0,313
1849,3282,1604,45963.0,419
1850,3283,736,47420.0,372
1851,3284,2079,49575.0,317
1852,3285,715,49873.0,309
1853,3286,365,45789.0,425
1854,3287,275,45008.0,457
1855,3289,451,44334.0,479
1856,3292,96,34010.0,682
1857,3293,197,40746.0,588
1858,3294,630,40262.0,597
1859,3300,5932,45204.0,447
1860,3301,725,45496.0,438
1861,3302,247,51439.0,271
1862,3303,198,48565.0,346
1863,3304,1450,45121.0,451
1864,3305,7055,50814.0,284
1865,3309,62,32483.0,692
1866,3310,147,38951.0,631
1867,3311,907,42920.0,518
1868,3312,531,48501.0,348
1869,3314,367,44388.0,478
1870,3315,965,45009.0,456
1871,3317,108,47554.0,369
1872,3318,715,44062.0,482
1873,3319,233,46013.0,415
1874,3321,999,54328.0,212
1875,3322,92,45537.0,436
1876,3323,68,48243.0,356
1877,3324,314,43824.0,491
1878,3325,274,38911.0,634
1879,3328,1034,52633.0,247
1880,3329,149,32646.0,691
1881,3330,130,40705.0,590
1882,3331,3636,53719.0,231
1883,3332,623,49212.0,332
1884,3333,508,46871.0,394
1885,3334,326,51245.0,276
1886,3335,3259,53751.0,229
1887,3336,1249,51433.0,273
1888,3337,19467,48250.0,355
1889,3338,12394,49883.0,307
1890,3340,12247,54937.0,197
1891,3341,988,56456.0,173
1892,3342,1993,53843.0,225
1893,3345,730,55520.0,186
1894,3350,33925,53365.0,236
1895,3351,4600,47180.0,383
1896,3352,9366,50826.0,282
1897,3353,244,48847.0,338
1898,3354,222,58532.0,144
1899,3355,5937,44942.0,458
1900,3356,7530,42634.0,529
1901,3357,2275,58087.0,149
1902,3358,513,49476.0,321
1903,3360,397,42312.0,538
1904,3361,354,38220.0,646
1905,3363,1805,47951.0,364
1906,3364,1177,47247.0,381
1907,3370,837,39539.0,612
1908,3371,477,39037.0,630
1909,3373,1204,40066.0,602
1910,3374,174,47375.0,376
1911,3375,120,44725.0,464
1912,3377,4821,44747.0,463
1913,3378,119,45841.0,423
1914,3379,395,46359.0,407
1915,3380,3402,44421.0,477
1916,3381,672,43805.0,492
1917,3384,301,35861.0,667
1918,3385,281,36280.0,662
1919,3387,202,36086.0,663
1920,3388,353,46168.0,414
1921,3390,513,43377.0,502
1922,3391,87,38440.0,645
1923,3392,299,40983.0,581
1924,3393,1437,45340.0,442
1925,3395,260,46848.0,395
1926,3396,412,39266.0,625
1927,3400,8292,45742.0,432
1928,3401,2692,44678.0,468
1929,3402,359,55329.0,190
1930,3407,290,45888.0,422
1931,3409,621,40440.0,593
1932,3412,181,41700.0,559
1933,3413,121,36075.0,664
1934,3414,889,44889.0,460
1935,3418,1651,42654.0,528
1936,3419,579,41424.0,572
1937,3420,157,34461.0,676
1938,3423,189,40515.0,592
1939,3424,420,43335.0,505
1940,3427,1793,54599.0,209
1941,3428,398,57885.0,153
1942,3429,21965,54939.0,196
1943,3430,179,65142.0,88
1944,3431,2493,57535.0,158
1945,3432,117,60540.0,123
1946,3433,126,62994.0,102
1947,3434,3055,58134.0,148
1948,3435,1635,54455.0,210
1949,3437,6544,64746.0,92
1950,3438,1344,65385.0,87
1951,3440,1196,77942.0,46
1952,3441,876,84370.0,33
1953,3442,4498,65091.0,90
1954,3444,5374,52308.0,252
1955,3446,608,47555.0,368
1956,3447,274,42368.0,535
1957,3448,506,49500.0,319
1958,3450,3961,44682.0,467
1959,3451,2568,46554.0,401
1960,3453,1013,49874.0,308
1961,3458,1135,48266.0,353
1962,3460,1651,48089.0,360
1963,3461,2287,44839.0,461
1964,3462,636,43391.0,500
1965,3463,1292,44048.0,483
1966,3464,564,39313.0,622
1967,3465,4367,39714.0,607
1968,3467,607,38677.0,638
1969,3468,149,35384.0,671
1970,3469,131,38937.0,633
1971,3472,597,35893.0,665
1972,3475,158,33068.0,686
1973,3477,402,37167.0,657
1974,3478,1324,39584.0,610
1975,3480,1026,39315.0,621
1976,3482,95,24346.0,701
1977,3483,546,43147.0,509
1978,3485,170,33739.0,683
1979,3488,67,42437.0,533
1980,3490,698,42037.0,551
1981,3491,72,49889.0,306
1982,3494,323,36663.0,661
1983,3496,3485,45285.0,444
1984,3498,2743,46940.0,391
1985,3500,16054,45766.0,427
1986,3501,2018,49036.0,334
1987,3502,1304,51670.0,265
1988,3505,2562,42503.0,530
1989,3507,86,40083.0,601
1990,3509,156,48881.0,337
1991,3512,215,44927.0,459
1992,3515,1098,48568.0,345
1993,3516,392,42919.0,519
1994,3517,653,39387.0,618
1995,3518,609,37283.0,656
1996,3521,358,46841.0,396
1997,3522,171,40925.0,582
1998,3523,1662,43484.0,497
1999,3525,735,38529.0,641
2000,3527,411,38670.0,639
2001,3529,84,37860.0,652
2002,3530,68,45752.0,429
2003,3531,120,42780.0,524
2004,3533,397,44484.0,475
2005,3537,599,39608.0,609
2006,3540,171,40403.0,594
2007,3542,111,34528.0,674
2008,3544,137,39522.0,613
2009,3546,260,44526.0,472
2010,3549,1955,48051.0,361
2011,3550,22289,50044.0,296
2012,3551,18119,52451.0,248
2013,3552,281,63206.0,100
2014,3554,106,60500.0,124
2015,3555,10438,45044.0,454
2016,3556,6670,42942.0,515
2017,3557,434,45982.0,417
2018,3558,503,42147.0,545
2019,3559,293,42086.0,548
2020,3561,2544,41251.0,575
2021,3562,155,43584.0,494
2022,3563,448,35843.0,668
2023,3564,9549,46983.0,389
2024,3566,302,40290.0,596
2025,3567,383,34321.0,680
2026,3568,1526,43957.0,486
2027,3570,398,43992.0,485
2028,3571,192,35289.0,672
2029,3572,148,45760.0,428
2030,3573,194,37448.0,654
2031,3575,440,39389.0,617
2032,3579,2869,37719.0,653
2033,3580,561,35460.0,669
2034,3581,106,38542.0,640
2035,3583,90,39383.0,619
2036,3584,575,39486.0,614
2037,3585,6988,45965.0,418
2038,3586,267,43876.0,490
2039,3588,181,38136.0,647
2040,3589,183,47977.0,363
2041,3590,181,47330.0,377
2042,3591,106,40996.0,580
2043,3594,327,38083.0,649
2044,3595,315,35872.0,666
2045,3596,71,51778.0,262
2046,3597,231,54175.0,219
2047,3599,74,56195.0,176
2048,3607,57,51996.0,259
2049,3608,1364,46899.0,393
2050,3610,758,40343.0,595
2051,3612,833,41700.0,560
2052,3614,555,47396.0,374
2053,3616,3075,45334.0,443
2054,3617,89,32356.0,693
2055,3618,388,35385.0,670
2056,3619,150,43906.0,487
2057,3620,4404,42182.0,544
2058,3621,1261,38028.0,650
2059,3622,221,33121.0,685
2060,3623,507,36906.0,660
2061,3624,295,33610.0,684
2062,3629,4904,42811.0,523
2063,3630,16653,45043.0,455
2064,3631,7018,50508.0,290
2065,3632,341,46780.0,398
2066,3633,436,42990.0,514
2067,3634,1156,39582.0,611
2068,3635,302,39282.0,624
2069,3636,2876,40849.0,585
2070,3637,330,32008.0,694
2071,3638,1122,41544.0,567
2072,3639,317,34507.0,675
2073,3640,633,34397.0,677
2074,3641,695,42064.0,549
2075,3644,4861,45217.0,446
2076,3646,358,42932.0,517
2077,3649,265,32958.0,687
2078,3658,3314,49991.0,301
2079,3659,417,57480.0,161
2080,3660,3828,45705.0,433
2081,3661,156,46605.0,400
2082,3662,502,61068.0,117
2083,3663,105,48050.0,362
2084,3664,656,47429.0,371
2085,3665,211,43570.0,495
2086,3666,2733,42121.0,547
2087,3669,746,39245.0,626
2088,3670,331,43093.0,511
2089,3671,87,44517.0,473
2090,3672,5385,45110.0,452
2091,3673,1118,41715.0,558
2092,3675,1134,43153.0,508
2093,3676,220,50355.0,292
2094,3677,9771,46818.0,397
2095,3678,3950,47074.0,386
2096,3682,355,44098.0,481
2097,3683,1038,45693.0,434
2098,3685,1682,45897.0,421
2099,3687,610,48672.0,342
2100,3688,812,49493.0,320
2101,3689,198,52274.0,254
2102,3690,18939,48814.0,339
2103,3691,5933,53980.0,224
2104,3694,90,53762.0,228
2105,3695,313,40918.0,583
2106,3697,326,41593.0,565
2107,3698,523,45824.0,424
2108,3699,647,39435.0,616
2109,3700,851,42232.0,542
2110,3701,601,41910.0,552
2111,3705,161,39162.0,628
2112,3707,1017,42215.0,543
2113,3709,179,39361.0,620
2114,3711,304,49329.0,325
2115,3712,203,46948.0,390
2116,3713,474,38791.0,635
2117,3714,2032,50147.0,294
2118,3715,169,34360.0,678
2119,3717,1579,43661.0,493
2120,3718,59,39239.0,627
2121,3719,260,46485.0,403
2122,3720,311,45589.0,435
2123,3722,3031,44599.0,471
2124,3723,1583,50025.0,299
2125,3724,155,45047.0,453
2126,3725,368,41882.0,556
2127,3726,207,32692.0,689
2128,3727,185,32897.0,688
2129,3728,334,37004.0,658
2130,3730,4829,44504.0,474
2131,3732,358,38748.0,637
2132,3733,140,42889.0,521
2133,3735,426,41647.0,562
2134,3737,2569,43344.0,504
2135,3738,108,41570.0,566
2136,3739,122,78109.0,45
2137,3740,648,43003.0,513
2138,3741,1928,42937.0,516
2139,3744,248,43104.0,510
2140,3746,201,41536.0,568
2141,3747,2708,46178.0,413
2142,3749,1220,51019.0,279
2143,3750,5801,49701.0,315
2144,3751,132,48641.0,343
2145,3752,13777,53489.0,235
2146,3753,1472,54336.0,211
2147,3754,22467,54200.0,216
2148,3755,151,49135.0,333
2149,3756,7014,53180.0,239
2150,3757,5056,53821.0,226
2151,3758,1302,52789.0,246
2152,3759,659,65125.0,89
2153,3760,291,54011.0,222
2154,3761,722,52151.0,256
2155,3762,90,54863.0,199
2156,3763,965,49260.0,330
2157,3764,5005,52385.0,250
2158,3765,4131,55172.0,194
2159,3766,769,54747.0,203
2160,3767,697,54755.0,202
2161,3770,1972,59709.0,127
2162,3775,2521,54948.0,195
2163,3777,6047,48149.0,358
2164,3778,116,31353.0,696
2165,3779,273,32670.0,690
2166,3781,2513,52089.0,257
2167,3782,4914,59512.0,130
2168,3783,1376,53187.0,238
2169,3786,932,65623.0,84
2170,3787,660,59539.0,129
2171,3788,1117,66724.0,81
2172,3789,177,60861.0,119
2173,3791,958,70234.0,67
2174,3792,687,57558.0,157
2175,3793,2062,49305.0,328
2176,3795,895,52297.0,253
2177,3796,5780,51756.0,264
2178,3797,1917,46386.0,405
2179,3799,3004,44126.0,480
2180,3800,113,31732.0,695
2181,3802,13698,48265.0,354
2182,3803,5633,46316.0,409
2183,3804,5373,64373.0,94
2184,3805,31648,49466.0,322
2185,3806,28571,58770.0,140
2186,3807,4529,61156.0,115
2187,3808,1944,67918.0,73
2188,3809,5603,56936.0,167
2189,3810,26428,49236.0,331
2190,3812,1551,51077.0,278
2191,3813,531,47407.0,373
2192,3814,1364,48573.0,344
2193,3815,1726,49946.0,303
2194,3816,1539,45744.0,431
2195,3818,7911,46511.0,402
2196,3820,9730,51564.0,269
2197,3821,1691,47599.0,367
2198,3822,579,49270.0,329
2199,3823,1147,49322.0,326
2200,3824,2877,50824.0,283
2201,3825,9881,50640.0,288
2202,3831,1015,47384.0,375
2203,3832,125,44777.0,462
2204,3833,161,36983.0,659
2205,3835,349,49998.0,300
2206,3840,7718,50975.0,281
2207,3841,52,61516.0,111
2208,3842,2204,51940.0,260
2209,3844,16483,58053.0,151
2210,3847,1161,45780.0,426
2211,3850,8019,53751.0,230
2212,3851,2463,49002.0,335
2213,3853,81,61975.0,105
2214,3854,866,64667.0,93
2215,3856,575,57808.0,154
2216,3857,230,46192.0,412
2217,3858,1616,45349.0,441
2218,3859,462,41757.0,557
2219,3860,4023,48347.0,350
2220,3862,1811,48168.0,357
2221,3864,105,44714.0,465
2222,3865,306,42375.0,534
2223,3869,1053,57032.0,165
2224,3870,698,45997.0,416
2225,3871,1599,47149.0,385
2226,3873,200,47023.0,388
2227,3874,333,46314.0,410
2228,3875,10177,44425.0,476
2229,3878,608,43886.0,489
2230,3880,2004,42131.0,546
2231,3882,631,44645.0,469
2232,3885,1043,37951.0,651
2233,3886,197,40015.0,603
2234,3887,165,30409.0,698
2235,3888,1675,46322.0,408
2236,3889,77,24863.0,700
2237,3890,148,43893.0,488
2238,3891,74,49900.0,305
2239,3892,572,43433.0,498
2240,3895,117,38457.0,644
2241,3896,227,49450.0,323
2242,3898,393,39484.0,615
2243,3900,106,40673.0,591
2244,3902,232,41465.0,570
2245,3903,408,47048.0,387
2246,3904,871,42043.0,550
2247,3909,4013,41394.0,573
2248,3910,13895,53507.0,233
2249,3911,2020,57506.0,159
2250,3912,9234,53054.0,242
2251,3913,2216,56044.0,177
2252,3915,4887,47323.0,378
2253,3916,644,75131.0,54
2254,3918,2282,52377.0,251
2255,3919,1781,46252.0,411
2256,3920,362,53123.0,240
2257,3921,67,34031.0,681
2258,3922,4461,42453.0,532
2259,3923,366,48331.0,351
2260,3925,2039,45161.0,449
2261,3926,2161,62870.0,103
2262,3927,1035,60655.0,121
2263,3928,300,75464.0,52
2264,3929,650,100314.0,13
2265,3930,11359,77873.0,47
2266,3931,14278,55881.0,180
2267,3933,737,64203.0,95
2268,3934,11276,64196.0,96
2269,3936,6816,52894.0,244
2270,3937,1081,66999.0,79
2271,3938,1902,50694.0,287
2272,3939,7802,45239.0,445
2273,3940,2203,41133.0,578
2274,3941,6898,46377.0,406
2275,3942,1434,58197.0,147
2276,3943,1160,92477.0,20
2277,3944,449,156079.0,3
2278,3945,617,48564.0,347
2279,3946,153,38488.0,643
2280,3950,2539,44614.0,470
2281,3951,609,42485.0,531
2282,3953,4585,45522.0,437
2283,3954,246,47518.0,370
2284,3956,1404,41339.0,574
2285,3957,200,39630.0,608
2286,3958,170,37360.0,655
2287,3959,705,41174.0,577
2288,3960,1450,41624.0,564
2289,3962,507,40163.0,599
2290,3964,85,42669.0,527
2291,3965,90,39305.0,623
2292,3966,282,41487.0,569
2293,3967,81,38129.0,648
2294,3971,2073,39806.0,605
2295,3975,8782,51577.0,268
2296,3976,12986,43518.0,496
2297,3977,54636,50080.0,295
2298,3978,8718,52843.0,245
2299,3979,220,42271.0,540
2300,3980,1982,51416.0,274
2301,3981,2753,50744.0,285
2302,3984,2798,42870.0,522
2303,3987,860,47275.0,380
2304,3988,641,41002.0,579
2305,3990,98,40186.0,598
2306,3991,219,34322.0,679
2307,3992,511,41896.0,554
2308,3995,5203,40823.0,587
2309,3996,3127,47293.0,379
2310,6000,8890,67146.0,83
2311,6001,68,60300.0,160
2312,6003,2995,61495.0,136
2313,6004,7569,71400.0,69
2314,6005,4106,73960.0,62
2315,6006,5775,75084.0,56
2316,6007,5053,84712.0,31
2317,6008,9941,91425.0,17
2318,6009,11273,144599.0,2
2319,6010,11174,108739.0,6
2320,6011,6431,155264.0,1
2321,6012,5612,121769.0,4
2322,6014,13524,88291.0,22
2323,6015,4784,120958.0,5
2324,6016,6382,72756.0,66
2325,6017,3067,55994.0,247
2326,6018,25177,72387.0,67
2327,6019,15310,73678.0,63
2328,6020,14389,80368.0,43
2329,6021,12600,61944.0,126
2330,6022,3199,55403.0,257
2331,6023,9840,66600.0,86
2332,6024,8246,55651.0,252
2333,6025,19882,65663.0,89
2334,6026,14406,61905.0,128
2335,6027,26867,60112.0,163
2336,6028,14872,66684.0,84
2337,6029,2025,89705.0,19
2338,6030,22863,57823.0,212
2339,6031,10003,57594.0,218
2340,6032,181,60351.0,159
2341,6033,341,60632.0,156
2342,6034,1286,59256.0,181
2343,6035,5109,57500.0,221
2344,6036,8998,57718.0,213
2345,6037,1701,57177.0,225
2346,6038,4349,59870.0,169
2347,6041,796,49755.0,332
2348,6043,129,56784.0,234
2349,6044,797,55841.0,250
2350,6050,10145,84904.0,30
2351,6051,8129,64675.0,97
2352,6052,7139,67510.0,80
2353,6053,9122,64539.0,100
2354,6054,11556,57076.0,226
2355,6055,14143,62453.0,119
2356,6056,22450,56449.0,241
2357,6057,10081,59691.0,173
2358,6058,7391,55131.0,264
2359,6059,14335,61756.0,131
2360,6060,14951,60409.0,158
2361,6061,20898,46335.0,358
2362,6062,19945,51561.0,313
2363,6063,7888,49302.0,336
2364,6064,15854,46915.0,354
2365,6065,38274,58915.0,185
2366,6066,10756,51425.0,314
2367,6067,70,54584.0,271
2368,6069,23283,60668.0,154
2369,6070,2255,76303.0,54
2370,6071,2226,63626.0,111
2371,6072,556,57993.0,209
2372,6073,1970,59974.0,166
2373,6074,617,57238.0,224
2374,6076,13578,63267.0,113
2375,6077,690,79766.0,45
2376,6078,450,64020.0,106
2377,6081,2992,63988.0,107
2378,6082,1959,58989.0,184
2379,6083,2293,67833.0,79
2380,6084,4872,60025.0,165
2381,6090,155,80734.0,42
2382,6100,9947,62203.0,123
2383,6101,10385,60649.0,155
2384,6102,6846,46415.0,357
2385,6103,6393,58761.0,190
2386,6104,8707,58334.0,200
2387,6105,8735,51890.0,312
2388,6106,141,83662.0,34
2389,6107,25894,49338.0,335
2390,6108,13268,51127.0,321
2391,6109,6447,48367.0,340
2392,6110,22531,54066.0,282
2393,6111,13234,56364.0,243
2394,6112,33409,56465.0,238
2395,6121,1883,59696.0,171
2396,6122,11021,60674.0,153
2397,6123,1191,56542.0,237
2398,6124,733,62726.0,117
2399,6125,1841,66171.0,87
2400,6126,145,52606.0,303
2401,6147,8600,49171.0,337
2402,6148,10979,62481.0,118
2403,6149,12118,61602.0,133
2404,6150,8482,60871.0,149
2405,6151,11223,87011.0,25
2406,6152,15670,69292.0,74
2407,6153,13897,93436.0,15
2408,6154,6360,68871.0,76
2409,6155,31586,57717.0,214
2410,6156,10395,79230.0,47
2411,6157,8616,71586.0,68
2412,6158,4952,85053.0,29
2413,6159,2457,105522.0,7
2414,6160,5695,70268.0,71
2415,6161,143,53706.0,288
2416,6162,7119,69034.0,75
2417,6163,30878,59595.0,176
2418,6164,36251,61911.0,127
2419,6165,122,64962.0,96
2420,6166,6344,66679.0,85
2421,6167,13755,55333.0,260
2422,6168,12316,55961.0,248
2423,6169,19247,58385.0,197
2424,6170,7986,58283.0,201
2425,6171,18724,64675.0,98
2426,6172,7691,60705.0,152
2427,6173,7081,70862.0,70
2428,6174,2473,62007.0,125
2429,6175,2177,65390.0,91
2430,6176,1102,57611.0,217
2431,6180,2865,61087.0,144
2432,6181,285,65340.0,92
2433,6201,53,57558.0,219
2434,6207,552,64515.0,102
2435,6208,6239,58524.0,196
2436,6209,870,56894.0,229
2437,6210,38397,59021.0,183
2438,6211,3786,61110.0,142
2439,6213,399,58732.0,193
2440,6214,432,58371.0,198
2441,6215,2129,59288.0,180
2442,6218,240,45781.0,362
2443,6220,2807,54297.0,280
2444,6221,136,56239.0,246
2445,6223,136,58100.0,207
2446,6224,676,59634.0,174
2447,6225,4667,61313.0,138
2448,6226,539,65450.0,90
2449,6227,454,59694.0,172
2450,6228,130,52273.0,307
2451,6229,115,51948.0,311
2452,6230,24494,58906.0,186
2453,6231,366,64522.0,101
2454,6232,6166,58721.0,194
2455,6233,11216,61527.0,135
2456,6236,1382,58060.0,208
2457,6237,1563,61050.0,145
2458,6239,2675,50003.0,328
2459,6240,92,47337.0,348
2460,6244,979,53993.0,285
2461,6251,217,46197.0,359
2462,6252,58,44697.0,368
2463,6253,403,45516.0,365
2464,6254,270,54562.0,273
2465,6255,2342,52126.0,308
2466,6256,96,56622.0,236
2467,6258,3945,47781.0,345
2468,6260,898,51278.0,318
2469,6262,437,42430.0,372
2470,6271,1965,52059.0,309
2471,6275,817,45723.0,363
2472,6280,16685,54840.0,269
2473,6281,5229,56692.0,235
2474,6282,974,56816.0,233
2475,6284,1519,51424.0,315
2476,6285,6559,49823.0,330
2477,6286,429,41954.0,374
2478,6288,384,40454.0,380
2479,6290,970,41180.0,377
2480,6302,1957,52288.0,306
2481,6304,944,62880.0,116
2482,6306,590,53936.0,286
2483,6308,882,56852.0,232
2484,6309,168,62089.0,124
2485,6311,329,50858.0,324
2486,6312,2581,53389.0,294
2487,6313,101,52474.0,304
2488,6315,1176,45999.0,360
2489,6316,212,57893.0,211
2490,6317,2320,48457.0,339
2491,6318,282,50400.0,326
2492,6320,360,54001.0,284
2493,6321,308,42183.0,373
2494,6322,141,61003.0,146
2495,6323,560,44563.0,369
2496,6324,2113,45832.0,361
2497,6326,337,41336.0,376
2498,6327,132,40929.0,378
2499,6328,289,55269.0,262
2500,6330,20865,49778.0,331
2501,6331,469,54347.0,279
2502,6332,154,54752.0,270
2503,6333,3573,43490.0,371
2504,6335,483,60761.0,151
2505,6336,196,52330.0,305
2506,6337,418,61799.0,130
2507,6338,478,62983.0,114
2508,6341,167,69322.0,73
2509,6343,148,57635.0,215
2510,6346,509,59630.0,175
2511,6348,466,61609.0,132
2512,6350,292,46776.0,355
2513,6352,130,58215.0,203
2514,6353,549,58747.0,191
2515,6355,395,65997.0,88
2516,6356,98,76409.0,52
2517,6357,61,55431.0,255
2518,6358,85,53436.0,293
2519,6359,336,58740.0,192
2520,6361,78,47014.0,353
2521,6365,350,53696.0,289
2522,6367,232,48153.0,341
2523,6369,487,52022.0,310
2524,6370,317,54870.0,268
2525,6372,90,48758.0,338
2526,6375,641,56289.0,245
2527,6383,557,59902.0,167
2528,6386,51,62398.0,121
2529,6390,951,73511.0,64
2530,6391,693,61844.0,129
2531,6392,340,62397.0,122
2532,6393,69,38246.0,381
2533,6394,112,45142.0,367
2534,6395,1393,50185.0,327
2535,6396,226,47329.0,349
2536,6398,313,41678.0,375
2537,6401,3772,54425.0,278
2538,6403,121,47848.0,344
2539,6405,193,50598.0,325
2540,6407,595,57474.0,222
2541,6409,237,56861.0,231
2542,6410,529,55904.0,249
2543,6411,86,65028.0,95
2544,6415,1632,56919.0,228
2545,6418,390,63643.0,110
2546,6420,76,61144.0,140
2547,6421,80,59210.0,182
2548,6423,98,64606.0,99
2549,6425,98,63973.0,108
2550,6426,450,61098.0,143
2551,6429,385,60270.0,161
2552,6430,13739,74282.0,60
2553,6431,74,47061.0,350
2554,6432,3869,67313.0,82
2555,6433,261,81374.0,37
2556,6436,53,40633.0,379
2557,6437,245,85838.0,28
2558,6438,311,58786.0,189
2559,6440,240,52949.0,299
2560,6442,1231,74408.0,59
2561,6443,374,51294.0,317
2562,6444,55,83829.0,33
2563,6445,142,87932.0,23
2564,6446,110,80094.0,44
2565,6447,85,87013.0,24
2566,6448,203,44014.0,370
2567,6450,8077,56956.0,227
2568,6460,399,57528.0,220
2569,6461,423,56422.0,242
2570,6466,66,62911.0,115
2571,6468,207,76817.0,51
2572,6472,151,65169.0,94
2573,6475,239,64111.0,104
2574,6477,170,63914.0,109
2575,6479,382,58205.0,204
2576,6485,268,68758.0,77
2577,6488,101,56871.0,230
2578,6490,121,54988.0,265
2579,6501,586,59397.0,179
2580,6502,735,48125.0,342
2581,6503,1370,47026.0,352
2582,6504,59,54969.0,266
2583,6505,89,47615.0,346
2584,6507,343,54573.0,272
2585,6509,98,60030.0,164
2586,6510,1196,55619.0,253
2587,6511,332,58146.0,206
2588,6512,67,56313.0,244
2589,6513,134,59509.0,177
2590,6514,320,53511.0,292
2591,6515,218,58254.0,202
2592,6516,1085,53600.0,290
2593,6517,294,53379.0,295
2594,6518,136,55666.0,251
2595,6519,300,54052.0,283
2596,6521,262,45262.0,366
2597,6522,326,65182.0,93
2598,6525,1993,57935.0,210
2599,6528,292,53110.0,297
2600,6530,18963,58681.0,195
2601,6531,500,58830.0,188
2602,6532,3138,61124.0,141
2603,6535,875,51224.0,319
2604,6536,866,49513.0,334
2605,6537,489,47953.0,343
2606,6556,1215,60960.0,147
2607,6558,487,55423.0,256
2608,6560,681,54190.0,281
2609,6562,715,55337.0,259
2610,6564,246,52822.0,301
2611,6566,1910,53890.0,287
2612,6567,118,58340.0,199
2613,6568,150,54467.0,276
2614,6569,185,49619.0,333
2615,6571,71,64337.0,103
2616,6575,111,57612.0,216
2617,6603,709,52816.0,302
2618,6606,137,54891.0,267
2619,6608,67,59886.0,168
2620,6609,580,63274.0,112
2621,6612,139,60532.0,157
2622,6620,216,51393.0,316
2623,6623,342,58846.0,187
2624,6630,303,54489.0,275
2625,6635,86,55356.0,258
2626,6638,216,55310.0,261
2627,6640,99,47046.0,351
2628,6642,383,58183.0,205
2629,6646,151,46535.0,356
2630,6701,3010,53590.0,291
2631,6707,1773,61583.0,134
2632,6710,625,103720.0,8
2633,6713,676,96287.0,10
2634,6714,9605,86335.0,27
2635,6716,333,100830.0,9
2636,6718,249,49962.0,329
2637,6720,1370,89655.0,20
2638,6721,2731,93501.0,14
2639,6722,5808,78877.0,48
2640,6725,7509,60838.0,150
2641,6726,1657,61256.0,139
2642,6728,1996,54532.0,274
2643,6740,430,53294.0,296
2644,6743,3704,61354.0,137
2645,6751,1736,88693.0,21
2646,6753,2599,81043.0,39
2647,6754,771,94320.0,12
2648,6760,97,55539.0,254
2649,6765,929,45534.0,364
2650,6770,842,51175.0,320
2651,6798,931,77203.0,50
2652,6799,250,51095.0,322
2653,6849,59,56452.0,240
2654,6850,66,124090.0,3
2655,6872,169,83312.0,35
2656,6892,64,92080.0,16
2657,6903,50,90197.0,18
2658,6904,187,94652.0,11
2659,6910,127,76128.0,55
2660,6911,82,81558.0,36
2661,6913,68,64037.0,105
2662,6916,53,74888.0,57
2663,6918,78,53107.0,298
2664,6919,240,52883.0,300
2665,6920,50,80768.0,41
2666,6922,73,78450.0,49
2667,6923,82,55153.0,263
2668,6924,98,54428.0,277
2669,6926,93,47448.0,347
2670,6929,66,69876.0,72
2671,6931,57,86408.0,26
2672,6932,55,76394.0,53
2673,6936,130,67449.0,81
2674,6943,76,57262.0,223
2675,6944,50,74010.0,61
2676,6946,56,60922.0,148
2677,6947,70,74690.0,58
2678,6951,185,81231.0,38
2679,6952,124,60182.0,162
2680,6953,84,94175.0,13
2681,6955,59,59802.0,170
2682,6959,120,68129.0,78
2683,6964,75,56465.0,239
2684,6968,60,62404.0,120
2685,6979,78,79536.0,46
2686,6981,68,80968.0,40
2687,6984,63,84450.0,32
2688,6985,86,73444.0,65
2689,6989,55,59476.0,178
2690,6990,50,50861.0,323
